sku,quantity
1055,1
1066,1
1080,1
1329,1
1389,1
1488,2
1504,1
1567,1
1662,1
1673,0
1685,0
1689,1
1706,1
1737,0
1745,1
1930,1
1942,1
1948,2
1950,1
1952,2
1953,2
4011,100
4012,100
4015,102
4017,99
4018,4
4019,100
4020,50
4021,0
4022,99
4023,99
4024,50
4034,1
4047,1
4053,11
4056,11
4057,23
4059,10
4060,2
4061,1
4066,1
4070,0
4071,21
4072,43
4073,0
4074,0
4076,0
4077,131
4078,174
4079,0
4080,295
4081,0
4082,108
4083,152
4084,1
4085,4
4086,1
4087,7
4088,45
4089,10
4090,116
4091,0
4092,0
4093,18
4094,11
4095,247
4096,162
4097,1
4098,219
4099,340
4100,416
4101,74
4102,65
4103,0
4104,247
4105,278
4106,199
4107,261
4108,0
4109,93
4110,51
4111,139
4112,151
4113,111
4114,60
4115,57
4116,46
4117,18
4122,14
4191,50
4218,36
4220,24
4221,40
4291,48
4292,48
4293,49
4295,26
4296,45
4297,48
4299,48
4300,48
4303,40
4304,35
4305,40
4306,37
4307,37
4308,40
4309,39
4310,41
4311,37
4312,38
4313,40
4359,98
4360,18
4361,26
4362,30
4363,12
4364,9
4365,28
4366,58
4368,37
4370,98
4371,37
4372,38
4373,37
4374,20
4375,20
4376,23
4377,34
4378,21
4379,19
4380,23
4381,20
4382,38
4383,37
4384,20
4385,4
4386,23
4387,38
4388,38
4389,37
4390,23
4391,23
4393,7
4394,20
4395,20
4396,37
4398,37
4399,38
4400,75
4401,20
4402,20
4404,20
4405,58
4406,20
4407,20
4408,20
4409,39
4410,20
4411,19
4412,20
4413,51
4414,15
4415,38
4416,17
4417,37
4418,6
6042,2
10005,0
10049,1
10064,1
10073,2
10085,1
10089,1
10095,2
10128,0
10134,1
10145,1
10152,2
10166,4
10393,6
10409,2
10443,0
10446,9
10450,180
10466,6
10478,180
5533,1440
100101,136400
6.28559E+12,488
6.28559E+12,484
6.28559E+12,495
6.28559E+12,893
8100,225
3010,275
3011,350
3012,500
3013,285
3014,297
3015,277
3016,330
3017,448
3018,472
3019,436
3020,110
3021,208
3026,299
3027,274
3028,569
3029,273
3030,539
3031,352
3032,770
3033,99
3034,180
3035,365
3036,324
3037,410
3038,999
3039,97
3040,98
3041,95
3042,7
8200,9616
8400,15641
8110,219
200100F,0
20030F,0
20040L,0
20040XL,0
20090XXL,0
20100XL,1
20110L,0
20110M,0
20110XL,0
20110XXL,0
20130XL,0
20130XXL,0
20160L,0
20170L,0
20170XXL,0
20190L,0
20190XL,0
20190XXL,0
20200XXL,0
20220L,0
20220XL,0
20220XXL,0
20250XL,0
20250XXL,0
20270L,1
20270XL,0
20270XXL,0
20280L,1
20280XL,0
20290XXL,1
20300L,0
20300XL,0
20300XXL,0
20330L,0
20330XL,0
20330XXL,0
20360L,0
20360M,0
20360XL,0
20360XXL,0
20380L,1
20380XL,1
20380XXL,1
20390XL,0
20390XXL,0
20410L,0
20410M,0
20410XL,0
20410XXL,0
20420XL,0
20420XXL,0
20430L,0
20430XL,0
20430XXL,0
20440XL,0
20450M,0
20450XL,0
20460L,0
20460XL,0
20470XL,0
20470XXL,0
20480M,0
20490L,0
20490M,0
20490XL,0
20500XL,0
20500XXL,0
20530XXL,0
20580L,0
20580M,0
20580XL,0
20580XXL,0
20590L,0
20590M,0
20600L,0
20620L,0
20620M,0
20620XL,0
20620XXL,0
20620XXXL,0
20640XL,0
20670L,0
20720L,0
20730XL,0
207603XL,0
20770L,0
20780F,0
207902XL,0
20790L,0
20790M,0
20790XL,0
20800M,0
20800XL,0
20820F,0
20840XL,0
20850F,0
20860M,0
20880L,0
20890F,0
209102XL,0
20930L,0
20930M,0
20930XXl,0
20940L,0
20940M,0
20940Xl,0
20950M,0
20960L,0
20960M,0
20960Xl,0
20960XXl,0
20970L,0
20970M,0
20970XXl,0
20990L,0
21000L,0
21000M,0
21000Xl,0
21000XXl,0
21010L,1
21010XXl,1
21020XXl,0
gift,11934
7029,444
8111,1261
8500,3243
8600,1135
8700,1389
8800,624
7030,840
5000,48
5001,6
5002,7
5003,8
5004,8
5005,5
5006,4
5007,7
5026,7
5027,9
5028,51
5029,9
5030,6
5031,5
5032,9
5033,11
5034,11
5035,6
5036,9
5037,9
5038,11
5039,30
5040,10
5041,10
5042,17
5043,11
5044,8
5045,28
5046,23
5047,4
5048,8
5049,8
5050,7
5051,10
5052,5
5053,9
5054,3
5055,6
5056,6
5057,6
5058,7
5059,6
5060,21
5061,6
5062,5
5063,6
5064,6
5065,6
5066,6
5067,6
5068,6
5069,6
5070,41
5071,38
5072,40
5073,31
5074,36
5076,38
5077,38
5078,39
5079,35
5080,33
5081,37
5082,38
5083,38
5084,35
5085,46
5086,43
5087,40
5088,31
5089,9
5090,9
5091,8
5092,9
5093,8
5094,9
5095,26
5096,25
5097,39
5098,26
5099,19
5100,19
5101,19
5102,19
5103,19
5104,19
5105,58
5129,7
5130,8
5131,7
5132,8
5133,8
5134,8
5135,6
5136,6
5137,6
5138,7
5139,6
5140,7
5141,23
5142,23
5143,23
5144,23
5145,23
5146,22
5147,23
5148,23
5149,23
5150,23
5151,11
5152,11
5153,9
5154,11
5155,11
5170,15
5171,16
5172,16
5173,17
5174,16
5175,17
5176,15
5177,16
5178,14
5179,14
5180,15
5181,15
5182,15
5183,15
5184,14
5185,15
5186,13
5187,13
5188,12
5189,16
5190,19
5191,16
5192,15
5193,21
5194,18
5195,17
5196,19
5197,17
5198,11
5199,11
5200,11
5201,11
5202,10
5203,14
5204,7
5205,6
5206,7
5207,6
5242,33
5243,17
5244,17
5245,17
5246,29
5247,16
5248,15
5249,17
5250,16
5251,17
5252,34
5253,18
5254,1
5255,16
5256,3
5257,3
5258,5
5259,12
5260,29
5261,10
5262,15
5263,18
5264,2
5265,4
5266,2
5267,5
5268,19
5269,34
5270,13
5271,10
5272,11
5273,17
5274,41
5275,14
5276,14
5277,11
5278,14
7001,53
7002,26
7003,3
7004,56
7005,31
7006,64
7007,0
7008,0
7009,62
7010,0
7011,1
7013,27
7014,32
7015,48
7016,49
7017,39
7018,0
7019,500
7020,743
7021,734
7022,852
7023,786
7024,868
7025,802
7026,652
7027,564
7028,0
7031,77
7032,10
7033,1
7034,23
7035,15
7036,4
7037,20
7038,13
7039,118
7040,30
7041,102
7042,20
7043,25
7044,25
7045,25
7046,25
7047,400
7048,406
7049,414
7050,397
7051,410
7052,379
7053,392
7059,372
1003060,1
1004052,14
1004054,28
1004056,25
1004058,16
1004060,20
1005052,0
1005054,0
1005056,0
1005058,2
1005060,4
1013052,0
1013054,4
1013056,2
1013058,2
1013060,22
1015052,0
1015054,0
1015056,0
1015058,1
1015060,0
1018754,1
1027052,2
1027058,1
1032056,0
1035060,0
1038052,0
1038054,0
1038058,0
1040752,1
1041060,1
1045052,0
1045054,0
1045056,4
1045058,1
1045060,2
1046052,0
1046054,2
1046056,0
1046058,0
1046060,0
1047058,1
1051058,1
1052060,1
1055052,0
1055054,6
1055056,8
1055058,1
1055060,1
1056052,0
1056054,0
1056056,0
1056060,2
1057052,1
1057054,3
1057056,2
1057058,0
1057060,1
1058060,0
1065052,1
1065054,5
1065056,2
1065058,1
1065060,3
1066052,0
1066054,0
1066056,1
1066058,0
1066060,0
1067052,1
1067054,1
1067060,1
1068054,0
1068056,0
1072052,1
1073058,0
1074052,1
1074054,0
1074056,0
1074058,0
1074060,0
1076056,0
1076060,1
1077052,0
1078054,1
1078058,8
1078060,7
1079056,0
1080052,0
1080054,0
1080056,0
1080058,0
1080060,0
1081056,1
1083058,1
1085060,1
1088052,6
1088054,2
1088056,0
1088058,4
1088060,7
1090052,2
1090056,0
1090058,0
1090060,0
1098060,0
1103054,1
1109054,1
1110054,0
1110056,0
1110058,0
1111058,1
1112056,1
1112058,1
1112060,1
1114054,1
1114058,0
1117054,0
1121052,0
1121054,0
1121056,0
1121058,0
1121060,1
1123052,9
1123054,0
1123056,58
1123058,27
1123060,54
1127056,3
1127060,1
1128054,2
1129058,1
1129060,1
1131058,1
1132054,0
1134054,0
1134056,0
1138054,1
1139054,0
1139056,0
1139060,0
1142052,1
1142056,1
1144052,1
1144054,14
1144056,28
1144058,41
1144060,50
1157060,0
1159054,0
1159056,0
1161056,1
1167052,1
1167054,0
1167058,1
1167060,1
1168056,1
1169054,1
1171054,1
1172054,1
1174052,1
1174054,0
1174058,1
1175054,0
1176056,1
1179054,2
1179056,1
1181058,1
1181060,1
1182054,1
1185060,1
1190060,0
1193052,0
1193060,3
1194060,2
1195052,20
1195054,1
1195056,1
1195058,0
1195060,0
1196052,97
1196054,2
1196056,0
1196058,0
1196060,0
1197052,0
1200058,0
1200060,0
1203056,0
1203058,1
1203060,1
1204052,0
1204060,1
1205058,0
1206054,0
1206056,0
1206058,0
1206060,1
1207056,0
1207058,0
1207060,0
1208052,1
1208054,1
1208056,1
1208058,1
1209052,1
1210058,1
1211052,18
1211054,48
1211056,65
1211058,31
1211060,64
1212058,1
1212060,0
1213052,0
1213054,1
1213056,0
1213058,1
1213060,0
1214052,2
1214054,18
1214056,12
1214058,68
1214060,105
1215052,0
1215054,0
1215056,0
1215058,0
1215060,3
1220056,1
1220058,1
1220060,2
1222054,0
1222056,2
1222058,0
1223058,1
1223060,1
1224052,7
1224054,7
1224056,12
1224060,0
1225054,2
1226052,1
1226054,14
1226056,7
1226060,3
1229054,0
1230056,0
1230060,0
1231056,0
1232058,0
1233054,1
1234052,0
1234056,1
1237052,0
1237054,0
1237058,0
1237060,1
1238058,2
1239060,1
1241052,0
1241058,0
1241060,1
1244054,0
1244058,1
1247054,0
1247056,1
1251060,1
1253054,0
1253058,1
1253060,1
1255054,0
1255058,0
1255060,0
1256052,0
1261054,1
1261056,4
1261058,1
1261060,0
1263052,0
1271052,0
1271054,1
1271056,0
1271058,0
1271060,5
1276052,0
1276054,0
1276056,3
1276058,0
1276060,1
1277054,1
1279052,3
1279060,1
1280054,1
1280056,1
1280060,0
1281052,0
1281054,0
1281056,0
1281060,0
1284052,0
1284056,1
1284058,0
1284060,0
1285058,0
1285060,0
1289056,2
1289058,0
1289060,2
1290052,0
1290056,2
1290058,0
1290060,0
1291052,0
1291054,0
1291056,0
1291058,0
1291060,10
1292052,0
1292058,0
1293052,0
1293054,1
1293056,0
1293060,0
1294052,1
1294054,1
1294056,0
1294060,5
1297054,1
1297058,2
1297060,0
1299054,2
1299056,5
1299058,0
1299060,3
1307058,1
1311058,0
1311060,2
1315056,1
1316056,0
1316060,0
1317052,1
1317058,0
1317060,1
1318054,0
1318056,0
1319052,10
1319054,15
1319056,17
1319058,10
1319060,12
1322052,0
1322054,0
1322056,0
1322058,0
1322060,1
1323052,0
1323054,0
1324060,1
1325060,0
1326054,0
1326056,0
1326058,1
1326060,1
1327060,1
1329052,0
1329054,0
1329056,0
1329058,64
1329060,27
1330052,0
1331052,11
1331054,8
1331056,7
1331058,1
1331060,3
1332056,1
1332058,1
1336056,0
1336058,0
1336060,0
1337052,6
1337054,18
1337056,1
1337058,1
1337060,9
1338054,1
1338056,0
1338058,1
1338060,1
1345056,2
1345058,0
1345060,3
1347052,0
1347054,0
1347058,0
1347060,0
1348052,0
1348060,0
1349052,2
1349054,13
1349056,14
1349058,4
1349060,10
1350060,1
1351058,1
1355060,0
1361060,0
1365060,0
1366058,0
1370052,0
1370054,0
1370058,0
1370060,1
1371052,0
1371054,0
1371056,0
1371058,0
1371060,1
1372058,1
1374052,8
1374054,11
1374056,2
1374058,5
1374060,7
1375052,0
1375054,0
1375056,0
1375058,8
1375060,2
1376060,0
1378052,93
1378054,155
1378056,75
1378058,77
1378060,85
1379056,0
1380060,0
1381056,0
1382052,0
1383058,1
1383060,1
1384052,0
1384058,0
1386054,1
1386056,0
1386058,1
1388058,1
1389052,67
1389054,69
1389056,66
1389058,76
1389060,60
1390054,0
1390058,0
1392054,0
1392060,0
1396056,0
1396060,0
1398052,0
1398054,0
1398056,1
1398058,4
1398060,18
1399054,0
1399056,0
1399058,0
1399060,0
1402058,3
1403052,3
1403054,0
1403056,1
1403058,1
1403060,0
1404060,5
1405052,28
1405054,9
1405056,24
1405058,141
1405060,9
1406052,41
1406054,58
1406056,65
1406058,35
1406060,30
1407052,3
1407054,2
1407056,1
1407058,0
1407060,2
1408052,3
1408054,1
1408056,3
1408058,2
1408060,2
1409052,22
1409054,20
1409056,20
1409058,16
1409060,32
1410052,3
1410054,0
1410056,0
1410058,13
1410060,5
1411052,55
1411054,41
1411056,27
1411058,42
1411060,30
1412052,152
1412054,67
1412056,91
1412058,28
1412060,40
1413052,0
1413054,0
1413056,0
1413058,0
1413060,70
1414052,3
1414054,0
1414056,0
1414058,0
1414060,0
1418052,9
1418054,2
1418056,0
1418060,3
1419052,0
1419054,1
1419056,1
1419060,2
1420052,66
1420054,0
1420056,38
1420058,0
1420060,51
1421054,0
1423052,5
1423056,0
1423058,0
1424052,0
1424054,0
1424056,0
1424058,0
1424060,0
1426056,0
1427056,0
1427060,0
1428052,0
1428054,0
1428056,0
1428058,0
1428060,4
1431056,0
1431060,0
1432056,0
1434052,0
1434054,1
1434056,1
1434058,0
1436054,4
1436056,0
1436060,2
1437052,0
1437054,0
1437056,1
1437058,1
1438054,0
1438060,0
1439052,0
1439054,4
1439056,1
1439058,0
1439060,3
1440052,96
1440054,102
1440056,108
1440058,93
1440060,81
1442052,18
1442054,25
1442056,38
1442058,16
1442060,49
1443052,1
1443054,0
1443056,0
1443058,23
1443060,85
1445054,0
1445056,1
1445058,0
1445060,0
1446054,0
1446056,2
1446058,1
1447052,1
1447060,2
1448052,64
1448054,30
1448056,65
1448058,19
1448060,35
1449056,0
1449060,1
1452052,0
1452054,0
1452056,1
1452058,32
1452060,66
1453052,0
1453054,0
1453056,1
1453058,22
1453060,91
1454056,0
1454058,0
1455056,0
1455060,0
1456056,0
1456058,1
1456060,0
1457052,0
1457060,1
1460052,2
1460054,2
1460056,12
1460058,1
1460060,4
1461054,1
1461056,0
1461058,2
1461060,2
1462060,1
1465052,10
1465054,20
1465056,20
1465058,9
1465060,9
1467052,1
1467054,0
1467060,1
1468052,1
1468054,1
1468056,0
1470056,0
1471060,0
1473058,0
1473060,1
1475052,0
1475054,1
1475060,2
1476056,0
1478052,3
1478054,1
1478056,0
1478058,0
1478060,0
1479054,0
1479058,0
1480052,1
1480054,0
1480058,1
1481054,2
1482052,1
1483052,0
1483056,0
1483058,0
1483060,0
1484056,0
1485052,62
1485054,80
1485056,65
1485058,27
1485060,11
1486054,1
1486060,1
1487056,0
1488052,2
1488054,3
1488056,24
1488058,118
1488060,211
1489058,0
1489060,1
1490054,0
1491054,0
1491060,0
1492052,1
1493060,0
1495052,0
1495054,0
1495056,0
1495060,1
1496052,4
1496054,13
1496056,6
1496058,8
1496060,7
1498052,2
1498054,0
1498056,0
1498060,4
1500054,0
1500060,0
1503052,4
1503054,0
1503058,3
1503060,1
1504052,0
1504054,0
1504056,42
1504058,22
1504060,50
1505052,0
1505054,0
1505056,1
1505058,0
1505060,0
1506052,0
1507052,0
1507054,0
1507056,0
1507060,0
1508052,6
1508054,1
1508056,0
1508058,1
1508060,0
1509052,0
1509054,0
1510052,24
1510054,1
1510056,13
1510058,17
1510060,5
1512052,4
1512054,3
1512056,2
1512060,2
1514058,0
1515058,0
1518052,0
1518058,1
1518060,0
1519052,0
1519054,0
1519056,0
1519058,0
1519060,2
1521054,11
1521056,3
1522052,0
1522054,0
1522056,0
1522058,0
1522060,0
1525052,0
1525054,0
1525056,0
1528054,0
1528058,0
1529054,0
1529056,0
1529058,0
1529060,0
1531054,0
1531060,0
1532052,5
1532054,4
1532056,4
1532058,1
1532060,5
1534052,54
1534054,43
1534056,61
1534058,53
1534060,54
1535054,0
1535056,1
1535058,0
1535060,3
1537052,1
1537054,0
1537056,1
1537058,1
1537060,5
1538052,1
1538058,0
1539054,1
1539058,1
1539060,2
1540052,1
1540056,3
1540058,1
1541052,12
1541054,14
1541056,11
1541058,5
1541060,14
1542054,7
1542056,7
1542060,13
1543052,19
1543054,2
1543056,6
1543058,2
1544052,0
1544054,0
1544056,0
1544058,1
1544060,0
1545052,0
1545054,0
1545056,1
1545058,0
1545060,11
1546052,0
1546056,0
1546058,0
1547052,9
1547054,1
1547056,1
1547058,9
1547060,11
1548052,0
1548054,0
1548056,0
1548058,0
1550052,0
1550054,0
1550056,32
1550058,17
1550060,43
1551052,53
1551054,34
1551056,52
1551058,0
1551060,0
1552052,6
1552054,0
1552056,7
1552058,5
1552060,0
1553052,39
1553054,29
1553056,19
1553058,26
1553060,2
1554054,0
1554056,1
1554058,0
1554060,1
1557054,0
1559052,4
1559054,2
1559056,9
1559058,10
1559060,15
1560056,0
1561052,10
1561054,16
1561056,15
1561058,9
1561060,9
1562054,4
1562056,0
1562060,0
1564058,0
1565052,1
1565054,14
1565056,54
1565058,15
1565060,28
1566052,0
1566054,0
1566056,0
1566058,0
1566060,2
1567052,57
1567054,44
1567056,41
1567058,37
1567060,24
1568052,37
1568054,11
1568056,10
1568058,18
1568060,19
1569054,0
1569056,0
1569058,0
1570052,12
1570054,14
1570056,13
1570058,13
1570060,18
1571052,2
1571054,2
1571056,1
1571060,1
1572056,0
1572058,0
1572060,0
1574056,0
1575054,1
1575056,1
1576054,0
1578052,0
1578054,4
1578056,2
1578058,51
1578060,95
1579054,0
1579056,0
1579058,0
1579060,1
1582052,0
1582054,0
1582056,0
1582058,0
1582060,0
1583052,5
1583054,3
1583056,1
1583058,0
1584056,0
1584058,0
1584060,0
1585052,0
1586052,3
1586054,0
1586056,1
1586058,1
1590052,28
1590054,14
1590056,40
1590058,29
1590060,48
1593052,3
1593054,2
1593056,1
1593060,2
1595054,0
1595058,0
1596052,2
1596054,1
1596056,1
1596058,2
1596060,2
1597054,0
1597060,2
1598052,1
1598054,5
1598056,1
1598058,2
1598060,3
1599052,0
1599054,0
1599056,1
1599060,1
1600052,0
1600054,0
1600060,1
1601054,0
1601058,0
1602052,5
1602054,0
1602056,0
1602058,3
1602060,3
1603054,0
1603058,0
1604056,1
1604058,0
1604060,0
1606052,0
1606054,0
1606058,0
1607054,0
1607056,0
1607058,3
1607060,1
1608052,0
1608054,0
1608060,1
1609052,0
1609054,1
1609056,1
1609058,1
1610052,2
1610054,1
1610056,0
1610058,1
1610060,0
1611052,4
1611054,0
1611056,0
1611058,0
1612058,0
1612060,0
1613054,0
1613056,0
1614056,0
1614060,7
1615052,0
1615056,0
1615058,5
1615060,6
1616052,2
1616054,0
1616056,0
1616058,10
1616060,21
1618052,0
1618054,0
1618056,0
1618058,0
1618060,5
1619060,0
1620054,1
1622052,169
1622054,159
1622056,175
1622058,124
1622060,116
1623052,76
1623054,69
1623056,71
1623058,33
1623060,55
1624054,0
1624060,0
1625052,0
1625054,0
1625056,1
1625060,12
1626052,0
1626054,0
1626058,1
1627054,0
1627056,0
1627058,0
1627060,4
1628052,2
1628058,1
1629052,40
1629054,0
1629056,16
1629058,108
1629060,32
1630052,0
1630054,2
1630058,0
1631056,2
1631060,2
1632060,1
1633052,10
1633054,14
1633056,11
1633058,1
1634054,0
1634058,0
1635052,4
1635054,2
1635058,1
1636052,1
1636054,2
1636056,0
1636060,2
1637058,0
1638052,71
1638054,50
1638056,73
1638058,47
1638060,96
1639054,1
1640052,0
1640054,2
1640056,0
1640058,0
1640060,0
1641052,0
1641054,6
1641056,10
1641058,18
1641060,75
1642052,0
1642054,0
1642056,1
1643052,0
1643054,0
1643056,1
1643060,0
1648056,88
1650052,1
1650054,0
1650058,1
1650060,9
1651052,0
1651054,1
1651056,1
1651060,1
1653052,0
1653054,2
1656054,0
1656056,0
1656058,0
1657052,1
1657054,2
1657056,1
1657060,1
1658054,0
1658058,0
1660052,0
1660060,1
1661052,59
1661054,60
1661056,81
1661058,79
1661060,75
1662052,3
1662054,7
1662056,4
1662058,33
1662060,10
1663052,1
1663058,0
1664052,1
1664054,1
1664056,0
1664060,1
1665052,0
1665054,0
1665056,1
1665058,17
1665060,67
1666060,0
1667058,1
1667060,2
1668058,1
1668060,1
1669052,7
1669054,11
1669056,3
1669058,2
1669060,7
1670052,0
1670054,0
1670056,0
1670058,0
1670060,0
1671058,1
1671060,2
1672054,1
1673054,1
1673056,2
1673058,1
1673060,2
1675054,0
1675056,0
1676054,2
1676058,2
1676060,5
1678060,2
1679060,0
1680052,2
1680054,4
1680056,2
1680060,0
1681052,2
1681054,4
1681056,6
1681058,8
1681060,7
1682052,0
1682054,0
1682056,1
1682058,2
1682060,6
1683052,0
1683054,0
1683056,0
1683058,23
1683060,51
1684052,0
1684054,0
1684056,68
1684058,69
1684060,89
1685052,0
1685054,0
1685056,0
1685058,0
1685060,35
1686052,0
1686054,0
1686056,0
1686058,17
1686060,70
1687052,1
1687054,1
1687056,11
1687058,41
1687060,19
1688052,0
1688054,0
1688056,0
1688058,2
1688060,49
1689052,1
1689054,0
1689056,0
1689058,0
1689060,54
1690052,32
1690054,24
1690056,86
1690058,54
1690060,31
1691052,3
1691056,0
1691058,0
1691060,1
1692052,1
1692054,0
1692058,0
1693052,0
1693054,0
1694052,1
1694058,0
1695054,0
1695056,1
1696054,0
1697052,2
1697054,2
1697056,1
1697060,0
1698058,0
1698060,0
1699052,1
1699054,1
1699056,1
1699058,2
1701056,0
1701060,0
1703058,1
1704052,0
1704058,0
1705052,0
1705054,1
1705056,0
1705058,0
1705060,1
1706052,0
1706054,0
1706056,0
1706058,2
1706060,22
1708056,0
1709060,0
1710054,0
1712054,0
1712056,0
1712058,0
1712060,0
1715058,1
1716054,1
1718052,1
1718060,1
1721052,0
1721054,0
1721056,4
1721058,0
1721060,7
1722052,0
1722054,0
1722056,0
1722058,18
1722060,87
1724052,0
1724054,1
1724056,7
1724058,4
1724060,0
1729054,1
1729056,6
1729058,1
1729060,1
1730054,0
1730056,0
1732054,0
1732056,0
1732058,0
1732060,1
1733052,0
1733054,0
1733056,0
1733058,1
1733060,54
1734052,58
1734054,45
1734056,22
1734058,40
1734060,47
1735052,7
1735054,15
1735056,4
1735058,7
1735060,2
1736052,0
1736054,1
1736056,0
1736058,0
1736060,0
1737052,7
1737054,4
1737056,1
1737058,1
1737060,48
1738052,0
1738054,0
1738056,0
1738058,0
1738060,0
1739052,0
1740052,2
1740054,2
1740056,7
1740058,2
1740060,7
1741052,0
1741054,0
1741056,0
1741058,0
1741060,0
1742052,33
1742054,33
1742056,32
1742058,34
1742060,0
1743052,1
1743054,0
1743056,0
1743058,0
1743060,0
1744052,1
1744054,4
1744056,22
1744058,41
1744060,66
1745052,0
1745054,1
1745056,2
1745058,20
1745060,36
1747052,0
1747054,0
1747058,1
1747060,1
1748052,0
1748054,0
1748058,0
1748060,4
1749054,0
1749056,0
1749058,0
1749060,3
1752058,1
1752060,3
1753058,1
1754052,6
1754054,11
1754056,14
1754058,8
1754060,9
1755054,0
1755056,0
1755058,0
1755060,0
1756052,1
1756054,0
1756056,0
1756058,1
1756060,0
1757054,0
1758052,20
1758054,30
1758056,30
1758058,19
1758060,20
1759054,0
1759058,0
1759060,3
1760058,1
1760060,1
1761056,0
1763052,0
1763054,0
1763056,1
1763058,1
1763060,7
1764054,2
1764056,2
1764058,2
1764060,1
1765058,0
1765060,0
1767056,0
1767058,0
1767060,0
1770140,3
1770145,4
1770150,0
1770155,0
1770160,0
1772052,0
1772054,0
1772056,0
1772060,0
1773054,1
1773056,0
1774052,0
1774054,0
1774056,0
1774058,0
1774060,73
1775052,32
1775054,64
1775056,78
1775058,79
1775060,82
1776056,0
1776060,2
1777054,1
1777058,2
1777060,7
1779058,1
1780052,0
1780054,0
1780056,0
1780058,0
1780060,0
1782054,0
1782056,0
1782058,0
1782060,2
1783052,8
1783054,10
1783056,16
1783058,8
1783060,12
1785052,0
1785054,3
1785056,6
1785060,3
1792052,0
1792054,0
1792056,0
1799058,1
1808060,0
1809054,0
1809056,1
1809058,1
1809060,5
1810052,0
1810058,0
1811054,0
1811058,1
1812058,0
1812060,0
1813054,1
1813056,2
1813058,1
1814054,0
1814056,0
1814058,0
1817054,0
1817056,1
1817060,1
1818052,1
1818054,0
1818056,1
1818058,1
1818060,1
1819058,1
1820056,1
1821052,3
1821054,8
1821058,2
1821060,1
1822058,0
1822060,2
1823058,0
1823060,0
1824052,0
1827052,0
1827054,0
1827056,9
1827058,6
1827060,16
1828058,1
1830054,0
1830060,0
1831056,0
1831058,0
1831060,0
1834054,0
1834056,0
1835052,0
1835054,0
1835058,0
1835060,0
1836058,0
1837052,0
1837054,6
1837056,6
1837058,3
1837060,5
1838054,0
1838056,0
1838060,1
1839058,0
1842052,0
1842054,0
1842056,25
1842058,41
1842060,45
1844058,1
1845052,0
1845054,4
1845056,3
1845058,0
1845060,4
1846054,0
1846056,1
1846058,0
1846060,0
1847060,0
1848052,2
1848054,5
1848058,2
1848060,2
1849052,0
1849054,0
1849056,1
1849058,1
1849060,8
1850052,2
1850054,10
1850056,19
1850058,8
1850060,15
1851052,0
1851054,0
1851056,0
1854052,0
1854054,0
1854056,0
1854058,0
1854060,0
1855052,0
1855056,0
1858054,0
1858058,0
1858060,0
1859052,15
1859054,22
1859056,11
1859058,13
1859060,19
1860052,0
1860054,0
1860056,0
1860058,0
1860060,1
1861052,84
1861054,92
1861056,128
1861058,87
1861060,117
1862052,5
1862056,0
1862058,5
1862060,12
1864052,0
1864056,0
1864058,0
1866052,1
1866054,0
1866056,3
1866058,0
1866060,4
1867052,0
1867054,0
1867056,16
1867058,10
1867060,38
1869052,1
1869054,0
1869056,0
1869058,0
1869060,1
1870052,15
1870054,27
1870056,25
1870058,14
1870060,20
1871052,12
1871054,23
1871056,25
1871058,17
1871060,15
1872056,0
1872058,0
1872060,1
1873052,0
1873054,0
1873058,1
1873060,4
1874056,0
1874058,1
1874060,1
1875052,0
1875056,2
1875058,0
1875060,1
1876052,0
1876054,0
1876056,0
1876058,1
1878056,1
1878058,1
1878060,1
1879058,1
1880052,0
1880054,0
1880056,0
1880058,0
1881052,0
1881054,3
1881056,5
1881058,1
1881060,7
1882052,74
1882054,32
1882056,55
1882058,6
1882060,171
1883058,2
1883060,1
1886056,0
1886058,0
1886060,4
1887060,1
1888052,0
1888054,0
1888056,0
1888058,0
1888060,0
1889054,0
1889056,0
1889058,1
1889060,0
1890058,0
1891054,0
1891058,0
1892052,0
1892054,0
1892056,0
1892058,0
1893052,0
1893054,0
1893056,0
1893058,0
1893060,0
1894052,0
1894054,11
1894056,9
1894058,2
1894060,9
1895052,0
1895054,10
1895056,5
1895058,5
1895060,7
1896052,0
1896058,0
1896060,4
1897058,0
1898058,0
1898060,0
1899054,0
1899058,0
1904052,0
1904054,0
1904060,1
1905058,1
1906052,22
1906054,0
1906056,0
1906058,0
1906060,0
1907052,2
1907054,5
1907056,3
1907058,0
1907060,4
1908052,0
1908054,0
1908056,0
1908058,0
1908060,8
1909052,1
1909054,1
1909056,25
1909058,42
1909060,65
1912052,0
1912054,3
1912056,3
1912058,2
1912060,3
1913052,22
1913054,62
1913056,57
1913058,49
1913060,111
1914052,30
1914054,0
1914056,0
1914058,4
1914060,9
1915052,0
1915054,0
1915056,0
1915058,35
1915060,4
1916052,3
1916054,5
1916056,16
1916058,5
1916060,51
1917054,0
1917056,0
1917058,1
1917060,9
1918052,0
1918054,2
1918056,0
1918058,0
1918060,3
1919058,1
1920052,143
1920054,211
1920056,213
1920058,137
1920060,163
1921052,0
1921056,0
1921058,0
1921060,0
1922052,2
1922054,0
1922056,1
1922058,0
1922060,0
1925058,1
1926052,34
1926054,15
1926056,55
1926058,37
1926060,48
1928052,15
1928054,15
1928056,54
1928058,21
1928060,28
1930052,0
1930054,0
1930056,1
1930058,1
1930060,42
1931052,22
1931054,1
1931056,0
1931058,0
1931060,0
1932052,0
1932054,0
1932056,0
1932058,0
1932060,2
1933052,0
1933054,2
1933056,0
1933058,39
1933060,22
1934052,0
1934054,0
1934056,0
1934060,10
1935058,1
1936052,0
1936054,0
1936056,0
1936058,2
1937052,0
1937054,0
1937056,0
1937058,0
1937060,1
1938052,8
1938054,29
1938056,9
1938058,29
1938060,48
1939052,0
1939054,0
1939056,0
1939058,2
1939060,1
1940060,4
1941058,1
1942052,2
1942054,1
1942056,1
1942058,0
1942060,2
1943052,3
1943054,11
1943056,5
1943058,33
1943060,74
1944058,1
1945052,5
1945054,20
1945056,29
1945058,22
1945060,23
1946052,0
1946054,1
1946058,1
1946060,1
1947054,0
1947056,0
1947058,0
1947060,4
1948052,0
1948054,0
1948056,0
1948058,0
1948060,3
1949052,0
1949054,0
1949056,0
1949058,36
1949060,27
1950052,0
1950054,0
1950056,0
1950058,0
1950060,0
1951052,1
1951054,0
1951056,0
1951058,0
1951060,0
1952052,21
1952054,14
1952056,6
1952058,7
1952060,48
1953052,0
1953054,0
1953056,0
1953058,0
1953060,11
1954058,1
1955052,45
1955054,60
1955056,45
1955058,52
1955060,61
1956052,0
1956054,0
1956056,2
1956058,0
1956060,13
1958052,5
1958054,4
1958056,1
1958058,0
1958060,5
1959052,1
1959060,0
1960052,0
1960054,0
1960058,0
1965052,0
1965060,0
1966052,0
1966054,0
1966056,5
1966058,19
1966060,12
1967052,0
1967054,0
1967056,0
1967058,0
1967060,0
1968052,126
1968054,75
1968056,46
1968058,49
1968060,55
1969052,98
1969054,6
1969056,1
1969058,4
1969060,1
1970052,3
1970054,73
1970056,5
1970058,3
1970060,69
1972052,0
1973052,0
1973054,1
1973056,0
1973058,1
1973060,16
1974052,66
1974054,83
1974056,109
1974058,80
1974060,94
1975054,0
1975056,0
1975058,1
1975060,38
1976052,20
1976054,30
1976056,29
1976058,20
1976060,20
1977052,1
1977054,0
1977056,0
1977058,4
1977060,0
1978052,32
1978054,13
1978056,13
1978058,47
1978060,82
1979052,30
1979054,32
1979056,24
1979058,8
1979060,19
1980052,0
1980054,0
1980056,0
1980058,0
1980060,1
1981054,1
1981056,0
1981058,2
1982052,0
1982054,0
1982056,0
1982058,14
1982060,35
1983052,56
1983054,60
1983056,60
1983058,31
1983060,28
1984052,50
1984054,36
1984056,28
1984058,37
1984060,27
1986052,25
1986054,42
1986056,59
1986058,34
1986060,42
1987052,1
1987054,0
1987056,15
1987058,37
1987060,77
1988052,5
1988054,17
1988056,29
1988058,19
1988060,28
1989052,0
1989054,15
1989056,25
1989058,20
1989060,39
1990054,0
1990056,0
1990060,0
1991052,1
1991054,4
1991056,1
1991058,4
1991060,6
1992052,34
1992054,18
1992056,0
1992058,0
1992060,1
1993052,2
1993054,6
1993056,3
1993058,2
1993060,2
1994052,42
1994054,18
1994056,11
1994058,21
1994060,28
1996052,1
1996054,0
1996056,1
1996058,2
1996060,7
1997054,0
1997056,0
1997058,0
1997060,2
1998052,0
1998054,0
1998056,0
1998058,22
1998060,61
1999052,2
1999054,0
1999056,5
1999058,14
1999060,32
3001056,1
3004052,0
3004054,2
3004056,0
6000042,23
6000044,23
6000046,19
6000048,22
6000050,7
6002042,38
6002044,38
6002046,8
6002048,2
6002050,0
6003042,7
6003044,22
6003046,8
6003048,16
6003050,13
6004042,36
6004044,28
6004046,29
6004048,20
6004050,17
6005042,20
6005044,25
6005046,31
6005048,24
6005050,16
6006042,9
6006044,6
6006046,16
6006048,16
6006050,21
6007042,21
6007044,19
6007046,21
6007048,18
6007050,5
6008042,20
6008044,22
6008046,11
6008048,16
6008050,0
6009042,23
6009044,24
6009046,22
6009048,23
6009050,22
6010042,15
6010044,0
6010046,0
6010048,0
6011042,0
6011044,0
6011046,0
6011048,0
6012042,23
6012044,24
6012046,21
6012048,17
6012050,5
6013042,0
6013044,0
6013046,0
6013048,0
6013050,0
6014042,24
6014044,23
6014046,21
6014048,21
6014050,14
6015042,23
6015044,28
6015046,21
6015048,18
6015050,16
6016042,24
6016044,24
6016046,24
6016048,23
6016050,24
6017042,8
6017044,5
6017046,21
6017048,24
6017050,15
6018042,18
6018044,29
6018046,19
6018048,28
6018050,8
6019042,8
6019044,13
6019046,1
6019048,0
6019050,1
6020042,22
6020044,24
6020046,22
6020048,20
6020050,23
6022042,21
6022044,23
6022046,16
6022048,5
6022050,1
6023042,23
6023044,23
6023046,15
6023048,23
6023050,15
6024042,20
6024044,24
6024046,14
6024048,6
6024050,2
6025042,14
6025044,0
6025046,0
6025048,8
6025050,0
6026042,18
6026044,23
6026046,20
6026048,11
6026050,12
6027042,22
6027044,23
6027046,17
6027048,19
6027050,17
6028042,24
6028044,24
6028046,22
6028048,18
6028050,16
6029042,24
6029044,24
6029046,23
6029048,23
6029050,18
6030042,22
6030044,22
6030046,19
6030048,24
6030050,20
6031042,27
6031044,27
6031046,26
6031048,25
6031050,8
6032042,19
6032044,5
6032046,0
6032048,0
6032050,0
6033042,22
6033044,22
6033046,22
6033048,17
6033050,3
6034042,21
6034044,12
6034046,15
6034048,0
6034050,0
6035042,18
6035044,16
6035046,17
6035048,16
6035050,15
6036042,21
6036044,19
6036046,7
6036048,2
6036050,0
6037042,24
6037044,22
6037046,23
6037048,22
6037050,21
6038042,3
6038044,0
6038046,1
6038048,0
6038050,0
6039042,24
6039044,24
6039046,21
6039048,18
6039050,8
6040042,25
6040044,24
6040046,21
6040048,18
6040050,8
6041042,1
6041048,0
6041050,0
6042042,23
6042044,23
6042046,21
6042048,17
6042050,16
6043042,14
6043044,8
6043046,12
6043048,21
6043050,12
6044042,23
6044044,21
6044046,11
6044048,14
6044050,1
6045042,21
6045044,23
6045046,21
6045048,13
6045050,0
6046042,23
6046044,21
6046046,13
6046048,16
6046050,0
6047042,16
6047044,16
6047046,16
6047048,14
6047050,12
6048042,17
6048044,19
6048046,19
6048048,16
6048050,15
6049042,15
6049044,7
6049046,0
6049048,0
6049050,0
10000052,15
10000054,5
10000056,0
10000058,3
10000060,13
10001052,0
10001054,0
10001056,10
10001058,31
10001060,34
10002052,47
10002054,25
10002056,26
10002058,25
10002060,53
10003052,6
10003054,15
10003056,8
10003058,3
10003060,11
10004052,0
10004054,1
10004056,0
10004058,2
10004060,7
10005052,0
10005054,0
10005056,0
10005060,14
10006052,0
10006054,0
10006056,1
10006058,21
10006060,36
10007052,39
10007054,18
10007056,11
10007058,15
10007060,9
10008052,42
10008054,56
10008056,43
10008058,10
10008060,33
10009052,41
10009054,28
10009056,1
10009058,0
10010052,39
10010054,30
10010056,45
10010058,25
10010060,24
10011052,31
10011054,21
10011056,0
10011058,0
10011060,0
10012052,3
10012054,0
10013052,34
10013054,30
10013056,0
10013058,0
10013060,0
10014052,54
10014054,71
10014056,43
10014058,13
10014060,13
10015052,45
10015054,66
10015056,72
10015058,53
10015060,55
10016052,3
10016054,22
10016056,48
10016058,36
10016060,49
10017052,0
10017054,3
10017056,0
10017058,0
10017060,10
10018052,42
10018054,46
10018056,53
10018058,28
10018060,31
10019052,35
10019054,72
10019056,59
10019058,43
10019060,44
10020052,0
10020054,22
10020056,23
10020058,26
10020060,37
10031052,37
10031054,55
10031056,53
10031058,37
10031060,40
10032052,0
10032054,0
10032056,0
10032058,1
10032060,44
10033052,9
10033054,3
10033056,43
10033058,56
10033060,75
10034052,22
10034054,20
10034056,23
10034058,18
10034060,13
10035052,1
10035054,0
10035058,2
10035060,41
10036052,0
10036054,0
10036056,0
10036058,0
10037052,40
10037054,59
10037056,59
10037058,37
10037060,39
10038052,40
10038054,59
10038056,59
10038058,40
10038060,40
10039052,23
10039054,38
10039056,41
10039058,25
10039060,35
10041052,1
10041054,0
10041056,22
10041058,16
10041060,47
10042052,6
10042054,16
10042056,47
10042058,43
10042060,60
10043052,77
10043054,33
10043056,27
10043058,8
10043060,0
10044052,56
10044054,7
10044056,9
10044058,3
10044060,43
10045052,73
10045054,83
10045056,88
10045058,65
10045060,39
10046052,71
10046054,53
10046056,59
10046058,55
10046060,34
10047052,0
10047054,0
10047056,0
10047058,0
10047060,21
10048052,125
10048054,84
10048056,82
10048058,100
10048060,58
10049052,3
10049054,1
10049056,18
10049058,2
10049060,59
10050052,42
10050054,4
10050056,52
10050058,33
10050060,122
10051052,0
10051054,0
10051056,0
10051058,3
10051060,0
10052052,0
10052054,0
10052056,0
10052058,0
10052060,0
10053052,0
10053054,0
10053056,0
10053058,0
10053060,10
10054052,14
10054054,12
10054056,64
10054058,72
10054060,80
10055052,1
10055054,0
10055056,0
10055058,24
10055060,36
10056052,74
10056054,52
10056056,68
10056058,47
10056060,77
10057052,0
10057054,0
10057056,1
10057058,0
10057060,0
10058052,0
10058058,0
10058060,1
10059052,23
10059054,28
10059056,61
10059058,16
10059060,20
10061052,2
10061054,90
10061056,69
10061058,41
10061060,49
10062052,4
10062054,2
10062056,14
10062058,9
10062060,67
10063052,0
10063054,0
10063056,0
10063058,0
10063060,19
10064052,0
10064054,6
10064056,4
10064058,0
10064060,23
10065052,0
10065054,0
10065056,0
10065058,0
10065060,3
10066052,68
10066054,77
10066056,66
10066058,38
10066060,70
10067052,57
10067054,89
10067056,79
10067058,59
10067060,59
10068052,0
10068054,0
10068056,0
10068058,3
10068060,0
10069052,0
10069054,0
10069056,33
10069058,39
10069060,89
10070052,1
10070054,1
10070056,17
10070060,0
10071052,0
10071054,1
10071056,34
10071058,27
10071060,59
10072054,0
10072056,0
10072058,0
10072060,31
10073052,0
10073054,0
10073056,0
10073058,0
10073060,72
10074052,9
10074054,0
10074056,0
10074058,0
10074060,43
10075052,37
10075054,0
10075056,106
10075058,108
10075060,69
10076052,51
10076054,43
10076056,50
10076058,45
10076060,44
10077052,94
10077054,199
10077056,99
10077058,115
10077060,112
10078052,23
10078054,1
10078056,19
10078058,17
10078060,44
10079052,28
10079054,86
10079056,88
10079058,19
10079060,37
10080052,33
10080054,83
10080056,81
10080058,63
10080060,64
10081052,41
10081054,46
10081056,46
10081058,36
10081060,40
10082052,9
10082054,43
10082056,55
10082058,21
10082060,63
10083052,52
10083054,96
10083056,60
10083058,53
10083060,46
10084052,1
10084054,0
10084056,0
10084058,0
10084060,0
10085052,30
10085054,35
10085056,33
10085058,18
10085060,30
10086052,33
10086054,40
10086056,52
10086058,32
10086060,41
10087052,22
10087054,29
10087056,18
10087058,11
10087060,23
10088052,11
10088054,4
10088056,0
10088058,10
10088060,19
10089052,58
10089054,50
10089056,73
10089058,44
10089060,48
10090052,58
10090054,80
10090056,84
10090058,43
10090060,59
10091052,56
10091054,102
10091056,91
10091058,43
10091060,61
10092052,78
10092054,94
10092056,62
10092058,34
10092060,58
10093052,93
10093054,136
10093056,122
10093058,84
10093060,101
10094052,60
10094054,72
10094056,66
10094058,32
10094060,44
10095052,0
10095054,3
10095056,12
10095058,13
10095060,20
10096052,3
10096056,0
10096058,0
10096060,0
10097052,51
10097054,42
10097056,95
10097058,62
10097060,116
10098052,69
10098054,6
10098056,1
10098058,0
10098060,12
10099052,6
10099054,3
10099056,5
10099058,8
10099060,15
10100052,64
10100054,67
10100056,58
10100058,39
10100060,37
10101052,93
10101054,82
10101056,66
10101058,23
10101060,2
10102052,54
10102054,29
10102056,13
10102058,5
10102060,19
10104052,0
10104054,0
10104056,0
10104058,9
10104060,22
10106052,14
10106054,18
10106056,8
10106058,3
10106060,13
10107052,33
10107054,52
10107056,59
10107058,35
10107060,40
10108052,17
10108054,56
10108056,106
10108058,76
10108060,124
10109052,36
10109054,14
10109056,57
10109058,61
10109060,46
10110052,0
10110054,0
10110056,0
10110058,0
10110060,28
10111052,0
10111054,2
10111056,0
10111058,8
10111060,118
10112052,56
10112054,57
10112056,57
10112058,40
10112060,49
10113052,0
10113054,0
10113056,0
10113058,0
10113060,0
10114052,7
10114054,7
10114056,4
10114058,3
10114060,18
10115052,39
10115054,65
10115056,51
10115058,47
10115060,82
10116052,92
10116054,141
10116056,139
10116058,87
10116060,86
10117052,6
10117054,35
10117056,82
10117058,62
10117060,87
10118052,0
10118054,0
10118056,9
10118058,19
10118060,45
10119052,45
10119054,59
10119056,59
10119058,38
10119060,42
10121052,9
10121054,28
10121056,59
10121058,37
10121060,44
10122052,35
10122054,51
10122056,63
10122058,42
10122060,47
10123052,0
10123054,1
10123056,14
10123058,15
10123060,50
10124052,51
10124054,95
10124056,66
10124058,39
10124060,62
10125052,51
10125054,101
10125056,111
10125058,86
10125060,89
10126052,51
10126054,91
10126056,78
10126058,78
10126060,77
10127052,55
10127054,75
10127056,71
10127058,32
10127060,65
10128052,46
10128054,33
10128056,35
10128058,21
10128060,50
10130060,3
10131054,1
10131056,0
10131058,0
10131060,4
10132052,0
10132054,0
10132056,0
10132058,7
10132060,1
10133052,0
10133054,0
10133056,0
10133058,0
10133060,0
10134052,11
10134054,18
10134056,50
10134058,58
10134060,99
10135052,18
10135054,44
10135056,55
10135058,44
10135060,99
10136052,23
10136054,7
10136056,22
10136058,13
10136060,43
10137052,34
10137054,52
10137056,48
10137058,38
10137060,39
10138052,4
10138054,8
10138056,10
10138058,5
10138060,14
10139054,0
10139056,0
10139058,3
10139060,14
10140052,3
10140054,7
10140056,50
10140058,35
10140060,52
10141052,25
10141054,20
10141056,22
10141058,37
10141060,43
10142052,27
10142054,71
10142056,89
10142058,58
10142060,84
10143052,9
10143054,0
10143056,6
10143058,5
10143060,11
10144052,0
10144054,106
10144056,120
10144058,75
10144060,83
10145052,22
10145054,3
10145056,8
10145058,6
10145060,25
10146052,45
10146054,34
10146056,51
10146058,38
10146060,44
10147052,64
10147054,97
10147056,92
10147058,80
10147060,92
10148052,0
10148054,0
10148056,0
10148058,0
10148060,0
10149052,47
10149054,92
10149056,43
10149058,40
10149060,43
10150052,16
10150054,62
10150056,33
10150058,44
10150060,54
10151052,33
10151054,153
10151056,68
10151058,115
10151060,119
10152052,53
10152054,151
10152056,49
10152058,92
10152060,103
10153052,4
10153054,32
10153056,13
10153058,19
10153060,44
10154052,17
10154054,51
10154056,27
10154058,19
10154060,26
10155052,0
10155054,0
10155056,16
10155058,37
10155060,78
10156052,91
10156054,73
10156056,69
10156058,50
10156060,69
10157052,0
10157054,1
10157056,91
10157058,90
10157060,23
10159052,28
10159054,0
10159056,1
10159058,64
10159060,91
10160052,9
10160054,11
10160056,51
10160058,63
10160060,76
10161052,0
10161054,0
10161056,0
10161058,0
10161060,38
10162052,30
10162054,82
10162056,60
10162058,51
10162060,64
10163052,0
10163054,0
10163056,0
10163058,3
10163060,27
10166052,0
10166054,0
10166056,0
10166058,0
10166060,12
10167052,8
10167054,21
10167056,44
10167058,50
10167060,45
10168052,0
10168054,0
10168056,0
10168058,6
10168060,52
10169052,0
10169054,0
10169056,0
10169058,0
10169060,19
10170052,0
10170054,0
10170056,0
10170058,0
10170060,0
10171052,9
10171054,9
10171056,16
10171058,9
10171060,6
10172052,0
10172054,0
10172056,0
10172058,0
10172060,11
10173052,1
10173054,4
10173056,0
10173058,5
10173060,33
10174052,3
10174054,0
10174056,0
10174058,2
10174060,2
10176052,15
10176054,0
10176056,0
10176058,0
10176060,0
10177052,80
10177054,119
10177056,139
10177058,101
10177060,114
10178052,74
10178054,110
10178056,119
10178058,91
10178060,97
10179054,0
10179056,2
10179058,1
10179060,0
10180052,3
10180054,0
10180056,5
10180058,7
10180060,24
10181052,54
10181054,34
10181056,42
10181058,60
10181060,24
10182052,0
10182054,0
10182056,0
10182058,0
10182060,123
10183052,81
10183054,42
10183056,91
10183058,7
10183060,24
10184052,0
10184054,0
10184056,39
10184058,81
10184060,170
10186054,0
10186056,2
10186058,4
10186060,25
10187052,0
10187054,0
10187056,1
10187058,21
10187060,18
10189052,104
10189054,163
10189056,143
10189058,83
10189060,107
10190052,101
10190054,84
10190056,93
10190058,69
10190060,105
10191052,4
10191054,21
10191056,19
10191058,10
10191060,35
10192052,5
10192054,14
10192056,4
10192058,1
10192060,32
10193052,32
10193054,13
10193056,2
10193058,0
10193060,18
10194052,173
10194054,181
10194056,248
10194058,22
10194060,139
10195052,0
10195054,0
10195056,0
10195058,15
10195060,40
10196052,71
10196054,40
10196056,55
10196058,91
10196060,63
10197052,95
10197054,96
10197056,105
10197058,42
10197060,61
10198052,110
10198054,127
10198056,70
10198058,65
10198060,76
10199052,56
10199054,41
10199056,20
10199058,42
10199060,20
10200052,39
10200054,0
10200056,2
10200058,34
10200060,62
10201052,57
10201054,56
10201056,57
10201058,50
10201060,44
10202052,4
10202054,21
10202056,29
10202058,27
10202060,37
10203052,0
10203054,0
10203056,0
10203058,0
10203060,0
10204052,9
10204054,18
10204056,30
10204058,29
10204060,31
10205052,21
10205054,0
10205056,18
10205058,23
10205060,10
10206052,36
10206054,32
10206056,42
10206058,32
10206060,12
10207052,19
10207054,42
10207056,45
10207058,27
10207060,30
10208052,13
10208054,52
10208056,48
10208058,33
10208060,21
10209052,12
10209054,14
10209056,14
10209058,50
10209060,21
10210052,0
10210054,0
10210056,0
10210058,0
10210060,0
10211052,0
10211054,0
10211056,0
10211058,0
10211060,0
10212052,60
10212054,57
10212056,57
10212058,40
10212060,18
10213052,0
10213054,0
10213056,0
10213058,1
10213060,0
10214052,29
10214054,8
10214056,11
10214058,7
10214060,5
10215052,0
10215054,0
10215056,9
10215058,11
10215060,19
10216052,65
10216054,80
10216056,73
10216058,38
10216060,27
10217052,62
10217054,66
10217056,71
10217058,48
10217060,27
10218052,66
10218054,69
10218056,74
10218058,49
10218060,21
10219052,39
10219054,38
10219056,42
10219058,28
10219060,16
10220052,104
10220054,114
10220056,111
10220058,74
10220060,46
10221052,31
10221054,32
10221056,33
10221058,19
10221060,11
10222052,56
10222054,60
10222056,64
10222058,39
10222060,27
10223052,58
10223054,58
10223056,59
10223058,38
10223060,26
10224052,49
10224054,53
10224056,49
10224058,29
10224060,19
10225052,68
10225054,86
10225056,91
10225058,70
10225060,51
10226052,100
10226054,102
10226056,114
10226058,69
10226060,70
10227052,0
10227054,0
10227056,0
10227058,0
10227060,0
10228052,18
10228054,14
10228056,33
10228058,24
10228060,25
10229052,15
10229054,47
10229056,54
10229058,36
10229060,24
10230052,59
10230054,68
10230056,71
10230058,42
10230060,42
10231052,0
10231054,3
10231056,37
10231058,37
10231060,31
10232052,0
10232054,1
10232056,1
10232058,3
10232060,2
10233052,0
10233054,0
10233056,0
10233058,0
10233060,4
10234052,42
10234054,23
10234056,0
10234058,0
10234060,1
10235052,8
10235054,0
10235056,0
10235058,0
10235060,0
10236052,0
10236054,0
10236056,1
10236058,0
10236060,1
10237052,1
10237054,0
10237056,6
10237058,11
10237060,6
10238052,8
10238054,0
10238056,0
10238058,0
10238060,0
10239052,0
10239054,0
10239056,0
10239058,0
10239060,0
10240052,61
10240054,56
10240056,54
10240058,38
10240060,23
10241052,0
10241054,0
10241056,0
10241058,0
10241060,0
10242052,0
10242054,0
10242056,0
10242058,0
10242060,0
10243052,60
10243054,51
10243056,56
10243058,37
10243060,25
10244052,0
10244054,0
10244056,0
10244058,0
10244060,0
10245052,44
10245054,39
10245056,45
10245058,30
10245060,18
10246052,37
10246054,42
10246056,53
10246058,30
10246060,23
10247052,18
10247054,2
10247056,6
10247058,11
10247060,4
10248052,25
10248054,92
10248056,117
10248058,0
10248060,0
10249052,102
10249054,150
10249056,140
10249058,94
10249060,97
10250052,1
10250054,0
10250056,0
10250058,0
10250060,60
10251052,57
10251054,78
10251056,52
10251058,72
10251060,62
10252052,1
10252054,1
10252056,1
10252058,1
10252060,1
10253052,26
10253054,57
10253056,67
10253058,58
10253060,66
10254052,42
10254054,77
10254056,30
10254058,41
10254060,36
10255052,73
10255054,81
10255056,108
10255058,62
10255060,69
10256052,24
10256054,1
10256056,0
10256058,0
10256060,0
10257052,28
10257054,32
10257056,34
10257058,19
10257060,22
10258052,29
10258054,22
10258056,27
10258058,9
10258060,15
10259052,72
10259054,67
10259056,58
10259058,46
10259060,38
10260052,0
10260054,0
10260056,0
10260058,0
10260060,47
10261052,84
10261054,147
10261056,109
10261058,98
10261060,100
10262052,0
10262054,0
10262056,1
10262058,0
10262060,4
10263052,13
10263054,32
10263056,46
10263058,84
10263060,64
10264052,43
10264054,39
10264056,25
10264058,28
10264060,32
10265052,33
10265054,29
10265056,25
10265058,14
10265060,16
10266052,88
10266054,134
10266056,119
10266058,52
10266060,76
10267052,53
10267054,53
10267056,139
10267058,33
10267060,25
10268052,70
10270052,22
10270054,27
10270056,29
10270058,13
10270060,13
10271052,19
10271054,27
10271056,29
10271058,11
10271060,18
10273052,20
10273054,19
10273056,15
10273058,17
10273060,10
10275052,3
10275054,5
10275056,4
10275058,0
10276052,1
10276054,0
10276056,1
10276058,0
10276060,20
10277054,0
10277056,0
10277058,0
10277060,0
10278052,112
10278054,153
10278056,163
10278058,82
10278060,116
10280052,0
10280054,27
10280056,18
10280058,15
10280060,18
10281052,0
10281054,0
10281056,0
10281058,0
10281060,0
10282052,79
10282054,79
10282056,73
10282058,66
10282060,36
10283052,11
10283054,12
10283056,16
10283058,14
10283060,11
10284052,20
10284054,29
10284056,29
10284058,20
10284060,20
10285052,0
10285054,0
10285056,0
10285060,0
10286052,0
10286054,1
10286056,0
10286060,0
10287052,0
10287054,0
10287056,0
10287058,0
10287060,9
10288052,0
10288054,1
10288056,29
10288058,21
10288060,26
10289052,11
10289054,31
10289056,15
10289058,18
10289060,44
10290052,63
10290054,103
10290056,121
10290058,76
10290060,84
10291052,34
10291054,52
10291056,48
10291058,26
10291060,41
10292052,0
10292054,0
10292056,0
10292058,0
10292060,11
10293052,25
10293058,0
10293060,0
10294052,95
10294054,126
10294056,124
10294058,66
10294060,51
10295052,6
10295054,0
10295056,29
10295058,35
10296052,0
10296054,0
10296056,0
10296058,1
10296060,0
10297052,55
10297054,87
10297056,106
10297058,84
10297060,107
10298052,0
10298054,0
10298056,2
10298058,0
10298060,26
10299052,30
10299054,53
10299056,44
10299058,32
10299060,31
10300054,0
10300056,1
10301052,58
10301054,89
10301056,77
10301058,74
10301060,79
10302052,2
10302054,0
10302058,0
10302060,8
10303052,41
10303054,61
10303056,60
10303058,38
10303060,39
10304052,36
10304054,41
10304056,55
10304058,2
10304060,40
10305052,0
10305054,0
10305056,0
10305060,3
10306056,5
10306058,2
10306060,3
10307052,2
10307056,0
10307058,1
10307060,0
10308052,21
10308054,44
10308056,34
10308058,30
10308060,30
10309052,31
10309054,39
10309056,45
10309058,27
10309060,29
10310052,99
10310054,151
10310056,149
10310058,99
10310060,101
10311052,38
10311054,54
10311056,50
10311058,37
10311060,38
10312052,7
10312054,21
10312056,0
10312058,2
10312060,13
10313052,27
10313054,52
10313056,47
10313058,37
10313060,27
10315052,34
10315054,52
10315056,54
10315058,37
10315060,40
10316052,24
10316054,43
10316056,37
10316058,36
10316060,28
10317052,20
10317054,26
10317056,23
10317058,17
10317060,21
10318052,24
10318054,24
10318056,38
10318058,29
10318060,35
10319052,38
10319054,60
10319056,55
10319058,37
10319060,37
10320052,66
10320054,101
10320056,107
10320058,43
10320060,83
10321052,28
10321054,55
10321056,52
10321058,33
10321060,37
10322052,30
10322054,52
10322056,54
10322058,32
10322060,37
10324052,10
10324054,0
10324056,0
10324058,8
10324060,16
10325052,0
10325054,0
10325056,0
10325058,1
10325060,0
10326052,0
10326054,0
10326056,0
10326058,0
10326060,13
10327052,33
10327054,48
10327056,34
10327058,37
10327060,36
10329052,30
10329054,25
10329056,27
10329060,20
10330052,64
10330054,138
10330056,157
10330058,99
10330060,69
10331052,19
10331054,18
10331056,23
10331058,18
10331060,33
10332052,39
10332054,58
10332056,57
10332058,40
10332060,18
10333052,5
10333054,19
10333056,29
10333058,24
10333060,26
10335052,30
10335054,38
10335056,37
10335058,27
10335060,25
10336052,31
10336054,44
10336056,19
10336058,2
10336060,15
10337052,38
10337054,93
10337056,124
10337058,74
10337060,88
10338052,2
10338056,0
10338058,37
10338060,39
10339052,0
10339054,0
10339056,0
10339058,0
10340052,15
10340054,29
10340056,30
10340058,20
10340060,20
10341052,0
10341054,0
10341056,0
10341058,0
10341060,2
10342052,0
10342054,0
10342056,0
10342058,0
10342060,0
10343052,7
10343054,3
10343056,6
10343058,7
10343060,3
10344052,1
10344054,0
10344056,3
10344058,0
10344060,2
10346052,0
10346054,0
10346056,0
10346058,1
10346060,0
10347052,0
10347054,1
10347056,0
10347058,0
10347060,0
10348052,0
10348054,0
10348056,0
10348058,0
10348060,0
10349052,134
10349054,141
10349056,149
10349058,75
10349060,75
10350052,1
10350054,0
10350056,0
10350058,0
10350060,5
10351052,54
10351054,84
10351056,48
10351058,44
10351060,45
10352052,41
10352054,65
10352056,41
10352058,26
10352060,26
10353052,0
10353056,1
10353058,0
10353060,0
10354052,0
10354054,0
10354056,0
10354058,0
10354060,0
10355052,53
10355054,69
10355056,38
10355058,33
10355060,34
10356052,47
10356054,66
10356056,37
10356058,30
10356060,31
10357052,0
10357054,0
10357056,0
10357058,0
10357060,0
10358052,2
10358058,2
10359052,46
10359054,64
10359056,32
10359058,38
10359060,36
10360052,28
10360054,45
10360056,28
10360058,21
10360060,19
10361052,0
10361054,0
10361056,1
10361058,0
10361060,0
10362052,0
10362054,15
10362056,0
10362058,20
10362060,0
10363052,0
10363054,9
10363056,1
10363058,1
10363060,0
10364052,12
10364054,34
10364056,32
10364058,23
10364060,18
10365054,1
10366052,1
10367056,59
10367058,40
10368052,0
10368054,0
10368056,0
10368058,0
10368060,0
10369052,0
10369054,0
10369056,0
10369060,0
10370052,27
10370054,37
10370056,31
10370058,24
10370060,23
10371052,35
10371054,10
10371056,19
10371058,13
10371060,21
10372052,12
10372054,16
10372056,21
10372058,10
10372060,18
10373052,28
10373054,30
10373056,31
10373058,11
10373060,16
10375052,97
10375054,72
10375056,106
10375058,16
10375060,44
10376052,13
10376054,12
10376056,9
10376058,8
10376060,9
10377052,100
10377054,102
10377056,106
10377058,55
10377060,53
10381052,24
10381054,26
10381056,45
10383052,0
10383054,1
10383056,0
10383058,13
10383060,30
10384052,91
10384054,109
10384056,111
10384058,77
10384060,51
10385052,49
10385054,23
10385056,69
10385058,37
10385060,43
10386052,19
10386054,25
10386056,27
10386058,20
10386060,14
10387052,0
10387054,0
10387056,37
10387058,0
10387060,25
10388052,49
10388054,45
10388056,63
10388058,31
10388060,34
10389052,40
10389054,53
10389056,0
10389058,38
10389060,77
10391052,56
10391054,46
10391056,44
10391058,42
10392052,61
10392054,84
10392056,98
10392058,43
10392060,28
10393052,41
10393054,37
10393056,21
10393058,15
10393060,25
10394052,3
10394054,18
10394056,16
10394058,16
10394060,5
10395052,10
10396052,20
10396058,15
10397058,20
10398052,0
10398054,0
10398056,2
10398058,3
10398060,17
10403052,60
10403054,56
10403056,55
10403058,36
10403060,17
10404052,2
10404054,18
10404056,24
10404058,32
10404060,43
10405052,0
10405054,1
10405056,0
10405058,36
10405060,46
10406052,31
10406054,55
10406056,49
10406058,38
10406060,23
10407052,33
10407054,42
10407056,60
10407058,23
10407060,22
10408052,27
10408054,32
10408056,34
10408058,17
10408060,13
10409052,27
10409054,37
10409056,43
10409058,19
10409060,32
10410052,34
10410054,46
10410056,49
10410058,13
10410060,19
10412052,14
10412054,10
10412056,7
10412058,4
10412060,3
10413052,61
10413054,147
10413056,152
10413058,111
10413060,90
10414052,2
10414054,0
10414056,6
10414058,0
10414060,59
10415052,0
10415054,0
10415056,0
10415058,0
10415060,0
10416052,0
10416054,0
10416056,0
10416058,0
10416060,0
10417052,44
10417054,82
10417056,107
10417058,59
10417060,53
10418052,19
10418054,20
10418056,29
10418058,16
10418060,9
10419052,28
10419054,27
10419056,19
10419058,13
10419060,16
10420052,73
10420054,22
10420056,50
10420058,16
10420060,37
10421052,5
10421054,15
10421056,20
10421058,12
10421060,12
10422052,15
10422054,12
10422056,17
10422058,12
10423052,0
10423054,1
10423056,1
10423058,2
10424052,18
10424054,25
10424056,28
10424058,17
10424060,19
10425052,20
10425054,28
10425056,29
10425058,16
10425060,20
10426052,19
10426054,29
10426056,30
10426058,18
10426060,19
10427052,19
10427054,26
10427056,28
10427058,15
10427060,19
10428052,40
10428054,1
10428056,10
10428058,26
10428060,34
10429052,14
10429054,62
10429056,15
10429058,31
10429060,34
10430052,0
10430054,0
10430056,0
10430058,0
10430060,0
10431052,55
10431054,102
10431056,109
10431058,79
10431060,72
10432052,0
10432054,0
10432056,0
10432058,67
10432060,127
10433052,0
10433054,0
10433056,0
10433058,30
10433060,57
10434052,0
10434054,25
10434056,63
10434058,62
10434060,56
10436052,90
10436054,87
10436056,80
10436058,55
10436060,26
10437052,78
10437054,71
10437056,67
10437058,46
10437060,16
10438052,88
10438054,79
10438056,87
10438058,42
10438060,44
10440052,38
10440054,68
10440056,34
10440058,17
10440060,37
10441052,150
10441054,148
10441056,96
10441058,95
10441060,100
10442052,36
10442054,60
10442056,24
10442058,24
10442060,25
10443052,43
10443054,61
10443056,59
10443058,36
10443060,45
10444052,75
10444054,106
10444056,90
10444058,60
10444060,54
10445052,18
10445054,6
10445056,8
10445058,2
10445060,11
10446052,51
10446054,52
10446056,31
10446058,20
10446060,29
10447052,34
10447054,57
10447056,46
10447058,25
10447060,29
10448052,16
10448054,39
10448056,1
10448058,18
10448060,13
10449052,30
10449054,56
10449056,23
10449058,17
10449060,15
10450052,76
10450054,69
10450056,50
10450058,21
10450060,21
10451052,26
10451054,34
10451056,32
10451058,28
10451060,22
10452052,55
10452054,57
10452056,36
10452058,34
10452060,17
10453052,47
10453054,57
10453056,53
10453058,30
10453060,29
10454052,34
10454054,40
10454056,30
10454058,23
10454060,26
10455052,72
10455054,71
10455056,77
10455058,43
10455060,44
10456052,40
10456054,40
10456056,46
10456058,28
10456060,19
10457052,17
10457054,40
10457056,45
10457058,28
10457060,26
10458052,64
10458054,57
10458056,67
10458058,52
10458060,30
10459052,52
10459054,70
10459056,75
10459058,41
10459060,38
10460052,42
10460054,43
10460056,66
10460058,36
10460060,27
10461052,44
10461054,50
10461056,48
10461058,31
10461060,27
10462052,1
10462054,0
10462056,0
10462058,1
10462060,3
10463052,16
10463054,10
10463056,0
10463058,0
10463060,0
10464052,90
10464054,90
10464056,68
10464058,60
10464060,60
10465052,40
10465054,52
10465056,47
10465058,31
10465060,26
10466052,22
10466054,7
10466056,1
10466058,0
10466060,15
10467052,23
10467054,15
10467056,18
10467058,14
10467060,7
10468052,42
10468054,24
10468056,33
10468058,24
10468060,15
10470052,4
10470054,3
10470056,2
10474052,0
10474054,0
10474056,0
10475052,2
10476052,0
10476054,3
10477052,42
10477054,46
10477056,38
10477058,30
10477060,36
10478052,43
10478054,91
10478056,1
10478058,14
10478060,36
10479056,65
10480052,65
10480054,93
10480056,96
10480058,80
10480060,86
10481052,42
10481054,68
10481056,77
10481058,53
10481060,57
10482052,27
10482054,42
10482056,50
10482058,35
10482060,36
10483052,33
10483054,53
10483056,53
10483058,76
10483060,0
10484052,33
10484054,51
10484056,51
10484058,35
10484060,39
10485052,21
10485054,19
10485056,36
10485058,20
10485060,27
10486052,30
10486054,36
10486056,3
10487052,39
10487054,60
10487056,60
10487058,37
10487060,37
10488052,69
10488054,76
10488056,90
10488058,7
10488060,58
10489052,0
10489054,0
10489056,0
10489058,1
10489060,21
10490052,20
10490054,40
10490056,42
10490058,33
10490060,39
10491052,56
10491054,104
10491056,113
10491058,85
10491060,93
10492052,4
10492054,68
10492056,72
10492058,35
10492060,38
10493052,96
10493054,144
10493056,143
10493058,96
10493060,99
10494052,38
10494054,118
10494056,115
10494058,88
10494060,94
10495052,2
10495054,36
10495056,136
10495058,62
10495060,100
10496054,0
10496056,0
10496058,0
10496060,0
10497052,96
10497054,141
10497056,146
10497058,97
10497060,96
10498052,58
10498054,46
10498056,40
10498058,40
10498060,37
10504052,0
10504054,0
10504056,0
10504058,0
10504060,0
10505052,90
10505054,141
10505056,141
10505058,93
10505060,97
10506052,24
10506054,29
10506056,39
10506058,35
10506060,35
10507052,40
10507054,57
10507056,58
10507058,36
10507060,39
10508052,15
10508054,17
10508056,24
10508058,9
10508060,17
10509052,61
10509056,28
10509058,11
10510052,35
10510054,34
10510056,39
10510058,24
10510060,29
10568054,87
10568056,85
10568058,42
10568060,48
10569052,79
10569054,83
10569056,88
10569058,42
10569060,42
10570052,35
10570054,17
10570056,18
10570058,9
10570060,18
10571052,0
10571054,0
10571056,0
10571058,0
10571060,0
10572052,52
10572054,59
10572056,59
10572058,28
10572060,30
10573052,52
10573054,44
10573056,49
10573058,17
10573060,23
10574052,0
10574054,0
10574056,0
10574058,0
10574060,0
10575052,63
10575054,55
10575056,57
10575058,23
10575060,26
10576052,0
10576054,0
10576056,8
10576058,7
10576060,7
10578052,20
10578054,26
10578056,24
10578058,19
10578060,10
10579052,7
10579054,6
10579056,6
10579058,7
10580052,0
10580054,0
10580056,1
10580058,0
10580060,1
10581052,9
10581054,8
10581056,9
10581058,17
10581060,16
10582052,13
10582054,0
10582056,0
10582058,0
10582060,13
10584052,0
10584054,0
10584056,0
10584058,0
10584060,0
10585052,0
10585054,0
10585056,0
10585058,0
10585060,0
10586052,44
10586054,32
10586056,48
10586058,41
10587052,0
10587054,0
10587056,0
10587060,0
10588052,74
10588054,54
10588056,28
10588058,41
10588060,46
10589052,61
10589054,75
10589056,84
10589058,40
10589060,41
10590052,0
10590054,0
10590056,0
10590058,0
10590060,0
10591052,25
10591054,0
10591056,5
10591058,5
10591060,22
10592052,0
10592054,0
10592056,0
10592058,0
10592060,10
10593052,61
10593054,0
10593056,0
10593058,2
10593060,39
10594052,41
10594054,0
10594056,9
10594058,0
10594060,34
10595052,40
10595054,0
10595056,26
10595058,0
10595060,19
10596052,18
10596054,26
10596056,20
10596058,11
10596060,11
10597056,4
10598052,0
10598054,23
10598056,20
10598058,24
10598060,21
10599052,0
10599054,0
10599056,0
10599058,0
10599060,0
10600052,0
10600054,0
10600056,0
10600058,0
10600060,1
10601052,64
10601054,64
10601056,65
10601058,35
10601060,38
10614052,11
10614054,19
10614056,35
10614058,34
10614060,36
10615052,23
10615054,47
10615056,38
10615058,15
10615060,28
10616052,0
10616054,0
10616056,0
10616058,0
10616060,0
10617052,1
10617054,2
10617056,1
10617058,0
10617060,0
10618052,15
10618054,6
10618056,19
10618058,17
10618060,19
10619052,14
10619054,16
10619056,10
10619058,5
10619060,8
10620052,46
10620054,1
10620056,1
10620058,0
10620060,6
10621052,59
10621054,57
10621056,56
10621058,23
10621060,26
10622052,46
10622054,45
10622056,46
10622058,15
10622060,15
10624052,3
10624054,10
10624056,4
10624058,4
10624060,20
10625052,12
10625054,29
10625056,6
10625058,10
10625060,10
10627052,71
10627054,83
10627058,54
10627060,70
10628052,31
10628054,42
10628056,28
10628058,28
10628060,5
10629052,34
10629054,32
10629056,40
10629058,1
10629060,4
10630052,23
10630054,23
10630056,21
10630058,16
10631052,72
10631054,54
10631056,75
10631058,37
10631060,38
10632052,0
10632054,1
10632056,0
10632058,0
10632060,1
10633052,56
10633054,71
10633056,47
10633058,23
10633060,54
10634052,4
10634054,0
10634056,0
10634058,0
10634060,3
10635052,22
10635054,41
10635056,37
10635058,24
10635060,27
10636052,17
10636054,26
10636056,17
10636058,17
10636060,8
10637052,3
10637054,0
10637056,3
10637058,1
10637060,0
10638052,44
10638054,28
10638056,6
10638058,6
10638060,29
10639052,39
10639054,37
10639056,40
10639058,30
10639060,30
10640052,40
10640054,35
10640056,32
10640058,29
10640060,28
10641052,37
10641054,28
10641056,25
10641058,22
10641060,28
10642052,35
10642054,34
10642056,33
10642058,22
10642060,24
10643052,0
10643054,0
10643056,0
10643058,0
10644052,12
10644054,1
10644056,0
10644058,13
10644060,29
10645052,47
10645054,77
10645056,50
10645058,25
10645060,26
10646052,33
10646054,31
10646056,22
10646058,8
10646060,20
10647052,23
10647054,17
10647056,12
10647058,4
10647060,9
10648052,50
10648054,34
10648056,50
10648058,25
10648060,25
10649052,18
10649054,15
10649056,6
10649058,2
10649060,0
10650052,30
10650054,31
10650056,30
10650058,13
10650060,13
10651052,30
10651054,27
10651056,27
10651058,13
10651060,13
10652052,23
10652054,21
10652056,17
10652058,10
10652060,11
10654056,41
10655052,83
10655054,75
10655056,63
10655058,48
10655060,52
10656052,10
10656054,17
10656056,4
10656058,7
10656060,10
10657052,37
10657054,38
10657056,38
10657058,18
10657060,10
10658052,41
10658054,42
10658056,53
10658058,19
10658060,17
10661052,23
10661054,22
10661056,22
10661058,12
10661060,12
10662052,29
10662054,32
10662056,28
10662058,30
10662060,20
10663052,40
10663054,56
10663056,59
10663058,39
10663060,36
10664052,16
10664054,18
10664056,17
10664058,25
10664060,8
10665052,14
10665054,15
10665056,10
10665058,9
10665060,9
10666052,15
10666054,15
10666056,9
10666058,10
10666060,10
10667052,15
10667054,15
10667056,10
10667058,9
10667060,10
10668052,15
10668054,14
10668056,9
10668058,10
10668060,10
10669052,13
10669054,10
10669056,10
10669058,6
10669060,4
10670052,10
10670054,9
10670056,7
10670058,3
10671052,15
10671054,13
10671056,13
10671058,10
10671060,5
10672052,13
10672054,12
10672056,13
10672058,9
10672060,5
10673052,33
10673054,33
10673056,33
10673058,19
10673060,11
10674052,14
10674054,14
10674056,15
10674058,10
10674060,5
10675052,5
10675054,14
10675056,15
10675058,10
10675060,5
10676052,10
10676054,14
10676056,12
10676058,8
10676060,10
10677052,10
10677054,12
10677056,15
10677058,10
10677060,9
10678052,15
10678054,14
10678056,13
10678058,10
10678060,5
10679052,15
10679054,15
10679056,14
10679058,11
10679060,5
10680052,15
10680054,15
10680056,15
10680058,10
10680060,5
10681052,15
10681054,14
10681056,14
10681058,9
10681060,5
10682052,15
10682054,15
10682056,15
10682058,10
10682060,5
10745056,19
10745058,22
10745060,24
12911052,1
14410140,30
14410145,21
14410150,1
14410155,0
14410160,0
14580140,2
14580145,1
14580150,2
14580155,0
17690140,20
17690145,18
17690150,22
17690155,19
17690160,20
17710140,19
17710145,13
17710150,0
17710155,0
17710160,0

